,Apple,Mango
June,3.0,0.0
Robert,2.0,2.0
David,1.0,5.0
Namn,13.0,1.0
Vinay,5.571428571428571,6.0
Param,7.0,8.0
Aman,6.0,4.285714285714286
Param,7.0,8.0
